index,coefficient
tmeansquared_-38_-62_11,-0.011060026256764206
tmeanrain_-38_-62_11,0.04118546869128764
rainsquared_-31_-61_11,-0.05425797574954571
rainsquared_-36_-62_9,0.08181005955412027
tmeanrain_-31_-61_10,-0.00010612159964819057
